{
	"record 1: smash":
		[{"robot1":{"init":{"position":[-434,-2.8754776337791554e-14,129.5],"rotation":[0,1.5707963267948966,0,"XYZ"],"impactCount":0,"impactElapsed":1,"healthPercent":100,"body.rotation.y":0,"responsibleArea":[-670,-5.750955267558311e-14,0,-198,0,259]},"play":{"impactType":"right","targetPosition":[277.16028147288023,0,-117.92613702933168]}},"robot2":{"init":{"position":[434,2.8754776337791554e-14,-129.5],"rotation":[0,-1.5707963267948966,0,"XYZ"],"impactCount":0,"impactElapsed":1,"healthPercent":100,"body.rotation.y":0,"responsibleArea":[198,0,-259,670,5.750955267558311e-14,0]},"play":{"impactType":"right","targetPosition":[-509.4139540560037,0,74.60320485178327]}},"shuttlecock":{"init":{"state":"active","position":[404,120.00000000000003,-129.5],"rotation":[1.5707963267948961,-1.1071486938464878,1.570796326794896,"XYZ"],"velocity":[-100,200,2.842170943040401e-14],"impactCount":0}}},{"robot1":{"init":{"position":[-434,-2.8754776337791554e-14,129.5],"rotation":[0,1.5707963267948966,0,"XYZ"],"impactCount":0,"impactElapsed":1.5666666666666647,"healthPercent":100,"body.rotation.y":0,"responsibleArea":[-670,-5.750955267558311e-14,0,-198,0,259]},"play":{"impactType":"right","targetPosition":[277.16028147288023,0,-117.92613702933168]}},"robot2":{"init":{"position":[366.06862293264595,0,-80.83753693103799],"rotation":[0,-1.5707963267948966,0,"XYZ"],"impactCount":1,"impactElapsed":0,"healthPercent":99,"body.rotation.y":0.2319790998478498,"responsibleArea":[198,0,-259,670,5.750955267558311e-14,0]},"play":{"impactType":"right","targetPosition":[-509.4139540560037,0,74.60320485178327]}},"shuttlecock":{"init":{"state":"active","position":[353.4477950632437,70.7119891394174,-129.5],"rotation":[1.4522657712285376,-0.46532393626848323,1.3113757333865883,"XYZ"],"velocity":[-2542.4192370156766,1356.8704498155028,598.7869394204267],"impactCount":1}}},{"robot1":{"init":{"position":[-380.7563772582462,0,-7.947035991268301],"rotation":[0,1.5707963267948966,0,"XYZ"],"impactCount":2,"impactElapsed":0,"healthPercent":99,"body.rotation.y":0.24065900701114812,"responsibleArea":[-670,-5.750955267558311e-14,0,-198,0,259]},"play":{"impactType":"right","targetPosition":[277.16028147288023,0,-117.92613702933168]}},"robot2":{"init":{"position":[335,0,0],"rotation":[0,-1.5707963267948966,0,"XYZ"],"impactCount":1,"impactElapsed":1.1166666666666676,"healthPercent":99,"body.rotation.y":0,"responsibleArea":[0,-5.750955267558311e-14,-259,670,5.750955267558311e-14,259]},"play":{"impactType":"right","targetPosition":[-509.4139540560037,0,74.60320485178327]}},"shuttlecock":{"init":{"state":"active","position":[-369.8865911573209,78.08911182534015,40.85867924401415],"rotation":[1.6927148264675445,0.4598354527565364,-1.8401698811707812,"XYZ"],"velocity":[1539.8423405282226,814.6322352417244,-378.13803073818667],"impactCount":2}}},{"robot1":{"init":{"position":[-335,0,0],"rotation":[0,1.5707963267948966,0,"XYZ"],"impactCount":2,"impactElapsed":0.9500000000000013,"healthPercent":99,"body.rotation.y":0,"responsibleArea":[-670,-5.750955267558311e-14,-259,0,5.750955267558311e-14,259]},"play":{"impactType":"smash","targetPosition":[277.16028147288023,0,-117.92613702933168]}},"robot2":{"init":{"position":[196.5929002410265,0,-47.07465913654099],"rotation":[0,-1.5707963267948966,0,"XYZ"],"impactCount":3,"impactElapsed":0,"healthPercent":98.01,"body.rotation.y":0.3500595748081447,"responsibleArea":[0,-5.750955267558311e-14,-259,670,5.750955267558311e-14,259]},"play":{"impactType":"right","targetPosition":[-476.5041449233862,0,145.44222611833516]}},"shuttlecock":{"init":{"state":"active","position":[181.16117116314268,76.22717195490802,-94.46174298509865],"rotation":[1.0647083611326378,-0.9216611802400533,0.9629329355350849,"XYZ"],"velocity":[-1192.9875348420398,2040.6544715581565,438.8465391318394],"impactCount":3}}},{"robot1":{"init":{"position":[-271.5093471661311,158.65917168840696,71.79368805198243],"rotation":[0,1.5707963267948966,0,"XYZ"],"impactCount":4,"impactElapsed":0,"healthPercent":98.01,"body.rotation.y":0.3329111072589109,"responsibleArea":[-670,-5.750955267558311e-14,-259,0,5.750955267558311e-14,259]},"play":{"impactType":"smash","targetPosition":[277.16028147288023,0,-117.92613702933168]}},"robot2":{"init":{"position":[335,0,0],"rotation":[0,-1.5707963267948966,0,"XYZ"],"impactCount":3,"impactElapsed":1.1333333333333342,"healthPercent":98.01,"body.rotation.y":0,"responsibleArea":[0,-5.750955267558311e-14,-259,670,5.750955267558311e-14,259]},"play":{"impactType":"right","targetPosition":[-476.5041449233862,0,145.44222611833516]}},"shuttlecock":{"init":{"state":"active","position":[-241.94709014499875,363.82757596857715,61.18078531487485],"rotation":[1.380834378914211,-0.4998999363194796,-1.9522830082479707,"XYZ"],"velocity":[6396.1762726026955,-3982.5929607906196,-2211.2713224388694],"impactCount":4}}},{"robot1":{"init":{"position":[-335,0,0],"rotation":[0,1.5707963267948966,0,"XYZ"],"impactCount":4,"impactElapsed":0.21666666666666665,"healthPercent":98.01,"body.rotation.y":0,"responsibleArea":[-670,-5.750955267558311e-14,-259,0,5.750955267558311e-14,259]},"play":{"impactType":"smash","targetPosition":[277.16028147288023,0,-117.92613702933168]}},"robot2":{"init":{"position":[196.57788788997587,0,-35.59350042434856],"rotation":[0,-1.5707963267948966,0,"XYZ"],"impactCount":5,"impactElapsed":0,"healthPercent":97.0299,"body.rotation.y":0.33210845949814527,"responsibleArea":[0,-5.750955267558311e-14,-259,670,5.750955267558311e-14,259]},"play":{"impactType":"right","targetPosition":[-397.58690140637276,0,114.50666606093742]}},"shuttlecock":{"init":{"state":"active","position":[181.95458268498354,82.9221313724352,-85.3695242314532],"rotation":[1.2157770248901276,-0.7894154030022671,1.0895518137440738,"XYZ"],"velocity":[-1552.7395683139214,1867.8644436239852,535.4261866608963],"impactCount":5}}},{"robot1":{"init":{"position":[-313.2200468440651,184.3149473547782,85.37434702644391],"rotation":[0,1.5707963267948966,0,"XYZ"],"impactCount":6,"impactElapsed":0,"healthPercent":97.0299,"body.rotation.y":0.33163713624391705,"responsibleArea":[-670,-5.750955267558311e-14,-259,0,5.750955267558311e-14,259]},"play":{"impactType":"smash","targetPosition":[277.16028147288023,0,-117.92613702933168]}},"robot2":{"init":{"position":[335,0,0],"rotation":[0,-1.5707963267948966,0,"XYZ"],"impactCount":5,"impactElapsed":0.9500000000000013,"healthPercent":97.0299,"body.rotation.y":0,"responsibleArea":[0,-5.750955267558311e-14,-259,670,5.750955267558311e-14,259]},"play":{"impactType":"right","targetPosition":[-397.58690140637276,0,114.50666606093742]}},"shuttlecock":{"init":{"state":"active","position":[-300.7378314174777,356.2209596390029,81.07574700850297],"rotation":[1.3816234898278883,-0.4998334143754598,-1.950853804830772,"XYZ"],"velocity":[6408.722698910304,-3985.8147881262544,-2206.8644180560927],"impactCount":6}}}],
	"record 2: normal":
		[{"robot1":{"init":{"position":[-434,-2.8754776337791554e-14,129.5],"rotation":[0,1.5707963267948966,0,"XYZ"],"impactCount":0,"impactElapsed":1,"healthPercent":100,"body.rotation.y":0,"responsibleArea":[-670,-5.750955267558311e-14,0,-198,0,259]},"play":{"impactType":"right","targetPosition":[464.02120587107083,0,-74.9718566964591]}},"robot2":{"init":{"position":[434,2.8754776337791554e-14,-129.5],"rotation":[0,-1.5707963267948966,0,"XYZ"],"impactCount":0,"impactElapsed":1,"healthPercent":100,"body.rotation.y":0.03204021277956528,"responsibleArea":[198,0,-259,670,5.750955267558311e-14,0]},"play":{"impactType":"right","targetPosition":[-601.5140665096732,0,143.55994246854027]}},"shuttlecock":{"init":{"state":"active","position":[404,120.00000000000003,-129.5],"rotation":[1.5707963267948961,-1.1071486938464878,1.570796326794896,"XYZ"],"velocity":[-100,200,2.842170943040401e-14],"impactCount":0}}},{"robot1":{"init":{"position":[-434,-2.8754776337791554e-14,129.5],"rotation":[0,1.5707963267948966,0,"XYZ"],"impactCount":0,"impactElapsed":1.5666666666666647,